2.28,0.5662
2.29,0.5657
2.3,0.5653
2.31,0.5649
2.32,0.5646
2.33,0.5642
2.34,0.5639
2.35,0.5635
2.36,0.5632
2.37,0.5629
2.38,0.5625
2.39,0.5622
2.4,0.5619
2.41,0.5615
2.42,0.5612
2.43,0.5609
2.44,0.5605
2.45,0.5602
2.46,0.5599
2.47,0.5595
2.48,0.5592
2.49,0.5589
2.5,0.5586
2.51,0.5583
2.52,0.5579
2.53,0.5576
2.54,0.5573
2.55,0.557
2.56,0.5567
2.57,0.5564
2.58,0.556
2.59,0.5557
2.6,0.5554
2.61,0.5551
2.62,0.5548
2.63,0.5545
2.64,0.5542
2.65,0.5539
2.66,0.5536
2.67,0.5533
2.68,0.553
2.69,0.5527
2.7,0.5524
2.71,0.5521
2.72,0.5518
2.73,0.5508
2.74,0.5499
2.75,0.549
2.76,0.5481
2.77,0.5473
2.78,0.5464
2.79,0.5456
2.8,0.5448
2.81,0.5439
2.82,0.5431
2.83,0.5423
2.84,0.5415
2.85,0.5408
2.86,0.54
2.87,0.5392
2.88,0.5385
2.89,0.5378
2.9,0.537
2.91,0.5363
2.92,0.5356
2.93,0.5349
2.94,0.5342
2.95,0.5335
2.96,0.5328
2.97,0.5321
2.98,0.5315
2.99,0.5308
3,0.5302
3.01,0.5295
3.02,0.5289
3.03,0.5283
3.04,0.5277
3.05,0.5271
3.06,0.5265
3.07,0.5259
3.08,0.5253
3.09,0.5247
3.1,0.5241
3.11,0.5235
3.12,0.523
3.13,0.5224
3.14,0.5219
3.15,0.5213
3.16,0.5208
3.17,0.5202
3.18,0.5197
3.19,0.5192
3.2,0.5186
3.21,0.5181
3.22,0.5176
3.23,0.5171
3.24,0.5166
3.25,0.5161
3.26,0.5156
3.27,0.5151
3.28,0.5146
3.29,0.5141
3.3,0.5137
3.31,0.5132
3.32,0.5127
3.33,0.5123
3.34,0.5118
3.35,0.5113
3.36,0.5109
3.37,0.5104
3.38,0.51
3.39,0.5095
3.4,0.5091
3.41,0.5086
3.42,0.5082
3.43,0.5078
3.44,0.5073
3.45,0.5069
3.46,0.5065
3.47,0.5061
3.48,0.5057
3.49,0.5053
3.5,0.5048
3.51,0.5044
3.52,0.504
3.53,0.5036
3.54,0.5032
3.55,0.5028
3.56,0.5024
3.57,0.502
3.58,0.5016
3.59,0.5013
3.6,0.5009
3.61,0.5005
3.62,0.5001
3.63,0.4997
3.64,0.4994
3.65,0.499
3.66,0.4986
3.67,0.4983
3.68,0.4979
3.69,0.4976
3.7,0.4972
3.71,0.4969
3.72,0.4965
3.73,0.4962
3.74,0.4958
3.75,0.4955
3.76,0.4951
3.77,0.4948
3.78,0.4945
3.79,0.4941
3.8,0.4938
3.81,0.4935
3.82,0.4931
3.83,0.4928
3.84,0.4925
3.85,0.4921
3.86,0.4918
3.87,0.4915
3.88,0.4912
3.89,0.4909
3.9,0.4905
3.91,0.4902
3.92,0.4899
3.93,0.4896
3.94,0.4893
3.95,0.489
3.96,0.4887
3.97,0.4884
3.98,0.4881
3.99,0.4878
4,0.4875
4.01,0.4872
4.02,0.4869
4.03,0.4866
4.04,0.4863
4.05,0.486
4.06,0.4857
4.07,0.4854
4.08,0.4852
4.09,0.4849
4.1,0.4846
4.11,0.4843
4.12,0.484
4.13,0.4838
4.14,0.4835
4.15,0.4832
4.16,0.4829
4.17,0.4827
4.18,0.4824
4.19,0.4821
4.2,0.4819
4.21,0.4816
4.22,0.4813
4.23,0.4811
4.24,0.4808
4.25,0.4806
4.26,0.4803
4.27,0.48
4.28,0.4798
4.29,0.4795
4.3,0.4793
4.31,0.479
4.32,0.4788
4.33,0.4785
4.34,0.4783
4.35,0.478
4.36,0.4778
4.37,0.4775
4.38,0.4773
4.39,0.477
4.4,0.4768
4.41,0.4766
4.42,0.4763
4.43,0.4761
4.44,0.4758
4.45,0.4756
4.46,0.4754
4.47,0.4751
4.48,0.4749
4.49,0.4747
4.5,0.4744
4.51,0.4742
4.52,0.474
4.53,0.4737
4.54,0.4735
4.55,0.4733
4.56,0.4731
4.57,0.4728
4.58,0.4726
4.59,0.4724
4.6,0.4722
4.61,0.4719
4.62,0.4717
4.63,0.4715
4.64,0.4713
4.65,0.4711
4.66,0.4709
4.67,0.4706
4.68,0.4704
4.69,0.4702
4.7,0.47
4.71,0.4698
4.72,0.4696
4.73,0.4694
4.74,0.4691
4.75,0.4689
4.76,0.4687
4.77,0.4685
4.78,0.4683
4.79,0.4681
4.8,0.4679
4.81,0.4677
4.82,0.4675
4.83,0.4673
4.84,0.4671
4.85,0.4669
4.86,0.4667
4.87,0.4665
4.88,0.4663
4.89,0.4661
4.9,0.4659
4.91,0.4657
4.92,0.4655
4.93,0.4653
4.94,0.4651
4.95,0.4649
4.96,0.4647
4.97,0.4645
4.98,0.4643
4.99,0.4641
5,0.464
5.01,0.4638
5.02,0.4636
5.03,0.4634
5.04,0.4632
5.05,0.463
5.06,0.4628
5.07,0.4627
5.08,0.4625
5.09,0.4623
5.1,0.4621
5.11,0.4619
5.12,0.4617
5.13,0.4616
5.14,0.4614
5.15,0.4612
5.16,0.461
5.17,0.4608
5.18,0.4607
5.19,0.4605
5.2,0.4603
5.21,0.4601
5.22,0.46
5.23,0.4598
5.24,0.4596
5.25,0.4594
5.26,0.4593
5.27,0.4591
5.28,0.4589
5.29,0.4588
5.3,0.4586
5.31,0.4584
5.32,0.4583
5.33,0.4581
5.34,0.4579
5.35,0.4577
5.36,0.4576
5.37,0.4574
5.38,0.4573
5.39,0.4571
5.4,0.4569
5.41,0.4568
5.42,0.4566
5.43,0.4564
5.44,0.4563
5.45,0.4561
5.46,0.456
5.47,0.4558
5.48,0.4556
5.49,0.4555
5.5,0.4553
5.51,0.4552
5.52,0.455
5.53,0.4549
5.54,0.4547
5.55,0.4546
5.56,0.4544
5.57,0.4543
5.58,0.4541
5.59,0.4539
5.6,0.4538
5.61,0.4536
5.62,0.4535
5.63,0.4533
5.64,0.4532
5.65,0.453
5.66,0.4529
5.67,0.4527
5.68,0.4526
5.69,0.4524
5.7,0.4523
5.71,0.4521
5.72,0.452
5.73,0.4518
5.74,0.4517
5.75,0.4515
5.76,0.4514
5.77,0.4512
5.78,0.4511
5.79,0.4509
5.8,0.4508
5.81,0.4507
5.82,0.4505
5.83,0.4504
5.84,0.4502
5.85,0.4501
5.86,0.45
5.87,0.4498
5.88,0.4497
5.89,0.4495
5.9,0.4494
5.91,0.4492
5.92,0.4491
5.93,0.449
5.94,0.4488
5.95,0.4487
5.96,0.4486
5.97,0.4484
5.98,0.4483
5.99,0.4481
6,0.448
6.01,0.4479
6.02,0.4477
6.03,0.4476
6.04,0.4475
6.05,0.4473
6.06,0.4472
6.07,0.4471
6.08,0.4469
6.09,0.4468
6.1,0.4467
6.11,0.4465
6.12,0.4464
6.13,0.4463
6.14,0.4462
6.15,0.446
6.16,0.4459
6.17,0.4458
6.18,0.4456
6.19,0.4455
6.2,0.4454
6.21,0.4453
6.22,0.4451
6.23,0.445
6.24,0.4449
6.25,0.4448
6.26,0.4446
6.27,0.4445
6.28,0.4444
6.29,0.4442
6.3,0.4441
6.31,0.444
6.32,0.4439
6.33,0.4437
6.34,0.4436
6.35,0.4435
6.36,0.4434
6.37,0.4432
6.38,0.4431
6.39,0.443
6.4,0.4429
6.41,0.4428
6.42,0.4426
6.43,0.4425
6.44,0.4424
6.45,0.4423
6.46,0.4422
6.47,0.442
6.48,0.4419
6.49,0.4418
6.5,0.4417
6.51,0.4416
6.52,0.4414
6.53,0.4413
6.54,0.4412
6.55,0.4411
6.56,0.441
6.57,0.4409
6.58,0.4407
6.59,0.4406
6.6,0.4405
6.61,0.4404
6.62,0.4403
6.63,0.4402
6.64,0.4401
6.65,0.4399
6.66,0.4398
6.67,0.4397
6.68,0.4396
6.69,0.4395
6.7,0.4394
6.71,0.4393
6.72,0.4392
6.73,0.439
6.74,0.4389
6.75,0.4388
6.76,0.4387
6.77,0.4386
6.78,0.4385
6.79,0.4384
6.8,0.4383
6.81,0.4382
6.82,0.4381
6.83,0.4379
6.84,0.4378
6.85,0.4377
6.86,0.4376
6.87,0.4375
6.88,0.4374
6.89,0.4373
6.9,0.4372
6.91,0.4371
6.92,0.437
6.93,0.4369
6.94,0.4368
6.95,0.4367
6.96,0.4366
6.97,0.4365
6.98,0.4363
6.99,0.4362
7,0.4361
7.01,0.436
7.02,0.4359
7.03,0.4358
7.04,0.4357
7.05,0.4356
7.06,0.4355
7.07,0.4354
7.08,0.4353
7.09,0.4352
7.1,0.4351
7.11,0.435
7.12,0.4349
7.13,0.4348
7.14,0.4347
7.15,0.4346
7.16,0.4345
7.17,0.4344
7.18,0.4343
7.19,0.4342
7.2,0.4341
7.21,0.434
7.22,0.4339
7.23,0.4338
7.24,0.4337
7.25,0.4336
7.26,0.4335
7.27,0.4334
7.28,0.4333
7.29,0.4332
7.3,0.4331
7.31,0.4331
7.32,0.433
7.33,0.4329
7.34,0.4328
7.35,0.4327
7.36,0.4326
7.37,0.4325
7.38,0.4324
7.39,0.4323
7.4,0.4322
7.41,0.4321
7.42,0.432
7.43,0.4319
7.44,0.4318
7.45,0.4317
7.46,0.4316
7.47,0.4315
7.48,0.4314
7.49,0.4313
7.5,0.4312
7.51,0.4311
7.52,0.4311
7.53,0.431
7.54,0.4309
7.55,0.4308
7.56,0.4307
7.57,0.4306
7.58,0.4305
7.59,0.4304
7.6,0.4303
7.61,0.4302
7.62,0.4301
7.63,0.4301
7.64,0.43
7.65,0.4299
7.66,0.4298
7.67,0.4297
7.68,0.4296
7.69,0.4295
7.7,0.4294
7.71,0.4294
7.72,0.4293
7.73,0.4292
7.74,0.4291
7.75,0.429
7.76,0.4289
7.77,0.4288
7.78,0.4287
7.79,0.4286
7.8,0.4286
7.81,0.4285
7.82,0.4284
7.83,0.4283
7.84,0.4282
7.85,0.4281
7.86,0.428
7.87,0.428
7.88,0.4279
7.89,0.4278
7.9,0.4277
7.91,0.4276
7.92,0.4275
7.93,0.4275
7.94,0.4274
7.95,0.4273
7.96,0.4272
7.97,0.4271
7.98,0.427
7.99,0.4269
8,0.4269
8.01,0.4268
8.02,0.4267
8.03,0.4266
8.04,0.4265
8.05,0.4265
8.06,0.4264
8.07,0.4263
8.08,0.4262
8.09,0.4261
8.1,0.4261
8.11,0.426
8.12,0.4259
8.13,0.4258
8.14,0.4257
8.15,0.4257
8.16,0.4256
8.17,0.4255
8.18,0.4254
8.19,0.4253
8.2,0.4253
8.21,0.4252
8.22,0.4251
8.23,0.425
8.24,0.4249
8.25,0.4249
8.26,0.4248
8.27,0.4247
8.28,0.4246
8.29,0.4246
8.3,0.4245
8.31,0.4244
8.32,0.4243
8.33,0.4242
8.34,0.4242
8.35,0.4241
8.36,0.424
8.37,0.4239
8.38,0.4239
8.39,0.4238
8.4,0.4237
8.41,0.4236
8.42,0.4236
8.43,0.4235
8.44,0.4234
8.45,0.4233
8.46,0.4232
8.47,0.4232
8.48,0.4231
8.49,0.423
8.5,0.423
8.51,0.4229
8.52,0.4228
8.53,0.4227
8.54,0.4226
8.55,0.4226
8.56,0.4225
8.57,0.4224
8.58,0.4223
8.59,0.4223
8.6,0.4222
8.61,0.4221
8.62,0.4221
8.63,0.422
8.64,0.4219
8.65,0.4218
8.66,0.4218
8.67,0.4217
8.68,0.4216
8.69,0.4216
8.7,0.4215
8.71,0.4214
8.72,0.4213
8.73,0.4213
8.74,0.4212
8.75,0.4211
8.76,0.421
8.77,0.421
8.78,0.4209
8.79,0.4208
8.8,0.4208
8.81,0.4207
8.82,0.4206
8.83,0.4206
8.84,0.4205
8.85,0.4204
8.86,0.4204
8.87,0.4203
8.88,0.4202
8.89,0.4201
8.9,0.4201
8.91,0.42
8.92,0.4199
8.93,0.4199
8.94,0.4198
8.95,0.4197
8.96,0.4197
8.97,0.4196
8.98,0.4195
8.99,0.4195
9,0.4194
9.01,0.4193
9.02,0.4193
9.03,0.4192
9.04,0.4191
9.05,0.4191
9.06,0.419
9.07,0.4189
9.08,0.4189
9.09,0.4188
9.1,0.4187
9.11,0.4187
9.12,0.4186
9.13,0.4185
9.14,0.4185
9.15,0.4184
9.16,0.4183
9.17,0.4183
9.18,0.4182
9.19,0.4182
9.2,0.4181
9.21,0.418
9.22,0.418
9.23,0.4179
9.24,0.4178
9.25,0.4178
9.26,0.4177
9.27,0.4176
9.28,0.4176
9.29,0.4175
9.3,0.4174
9.31,0.4174
9.32,0.4173
9.33,0.4173
9.34,0.4172
9.35,0.4171
9.36,0.4171
9.37,0.417
9.38,0.4169
9.39,0.4169
9.4,0.4168
9.41,0.4168
9.42,0.4167
9.43,0.4166
9.44,0.4166
9.45,0.4165
9.46,0.4165
9.47,0.4164
9.48,0.4163
9.49,0.4163
9.5,0.4162
9.51,0.4161
9.52,0.4161
9.53,0.416
9.54,0.416
9.55,0.4159
9.56,0.4158
9.57,0.4158
9.58,0.4157
9.59,0.4157
9.6,0.4156
9.61,0.4155
9.62,0.4155
9.63,0.4154
9.64,0.4154
9.65,0.4153
9.66,0.4152
9.67,0.4152
9.68,0.4151
9.69,0.4151
9.7,0.415
9.71,0.4149
9.72,0.4149
9.73,0.4148
9.74,0.4148
9.75,0.4147
9.76,0.4146
9.77,0.4146
9.78,0.4145
9.79,0.4145
9.8,0.4144
9.81,0.4144
9.82,0.4143
9.83,0.4142
9.84,0.4142
9.85,0.4141
9.86,0.4141
9.87,0.414
9.88,0.4139
9.89,0.4139
9.9,0.4138
9.91,0.4138
9.92,0.4137
9.93,0.4137
9.94,0.4136
9.95,0.4135
9.96,0.4135
9.97,0.4134
9.98,0.4134
9.99,0.4133
10,0.4133
10.01,0.4132
10.02,0.4131
10.03,0.4131
10.04,0.413
10.05,0.413
10.06,0.4129
10.07,0.4129
10.08,0.4128
10.09,0.4128
10.1,0.4127
10.11,0.4126
10.12,0.4126
10.13,0.4125
10.14,0.4125
10.15,0.4124
10.16,0.4124
10.17,0.4123
10.18,0.4123
10.19,0.4122
10.2,0.4122
10.21,0.4121
10.22,0.4121
10.23,0.412
10.24,0.4119
10.25,0.4119
10.26,0.4118
10.27,0.4118
10.28,0.4117
10.29,0.4117
10.3,0.4116
10.31,0.4116
10.32,0.4115
10.33,0.4115
10.34,0.4114
10.35,0.4114
10.36,0.4113
10.37,0.4113
10.38,0.4112
10.39,0.4112
10.4,0.4111
10.41,0.4111
10.42,0.411
10.43,0.411
10.44,0.4109
10.45,0.4109
10.46,0.4108
10.47,0.4107
10.48,0.4107
10.49,0.4106
10.5,0.4106
10.51,0.4105
10.52,0.4105
10.53,0.4104
10.54,0.4104
10.55,0.4103
10.56,0.4103
10.57,0.4102
10.58,0.4102
10.59,0.4101
10.6,0.4101
10.61,0.41
10.62,0.41
10.63,0.4099
10.64,0.4099
10.65,0.4098
10.66,0.4098
10.67,0.4097
10.68,0.4097
10.69,0.4096
10.7,0.4096
10.71,0.4095
10.72,0.4095
10.73,0.4094
10.74,0.4094
10.75,0.4093
10.76,0.4093
10.77,0.4092
10.78,0.4092
10.79,0.4091
10.8,0.4091
10.81,0.409
10.82,0.409
10.83,0.4089
10.84,0.4089
10.85,0.4088
10.86,0.4088
10.87,0.4087
10.88,0.4087
10.89,0.4086
10.9,0.4086
10.91,0.4085
10.92,0.4085
10.93,0.4085
10.94,0.4084
10.95,0.4084
10.96,0.4083
10.97,0.4083
10.98,0.4082
10.99,0.4082
11,0.4081
11.01,0.4081
11.02,0.408
11.03,0.408
11.04,0.4079
11.05,0.4079
11.06,0.4078
11.07,0.4078
11.08,0.4078
11.09,0.4077
11.1,0.4077
11.11,0.4076
11.12,0.4076
11.13,0.4075
11.14,0.4075
11.15,0.4074
11.16,0.4074
11.17,0.4073
11.18,0.4073
11.19,0.4073
11.2,0.4072
11.21,0.4072
11.22,0.4071
11.23,0.4071
11.24,0.407
11.25,0.407
11.26,0.4069
11.27,0.4069
11.28,0.4068
11.29,0.4068
11.3,0.4067
11.31,0.4067
11.32,0.4067
11.33,0.4066
11.34,0.4066
11.35,0.4065
11.36,0.4065
11.37,0.4064
11.38,0.4064
11.39,0.4063
11.4,0.4063
11.41,0.4062
11.42,0.4062
11.43,0.4061
11.44,0.4061
11.45,0.4061
11.46,0.406
11.47,0.406
11.48,0.4059
11.49,0.4059
11.5,0.4058
11.51,0.4058
11.52,0.4058
11.53,0.4057
11.54,0.4057
11.55,0.4056
11.56,0.4056
11.57,0.4055
11.58,0.4055
11.59,0.4055
11.6,0.4054
11.61,0.4054
11.62,0.4053
11.63,0.4053
11.64,0.4052
11.65,0.4052
11.66,0.4052
11.67,0.4051
11.68,0.4051
11.69,0.405
11.7,0.405
11.71,0.405
11.72,0.4049
11.73,0.4049
11.74,0.4048
11.75,0.4048
11.76,0.4047
11.77,0.4047
11.78,0.4047
11.79,0.4046
11.8,0.4046
11.81,0.4045
11.82,0.4045
11.83,0.4045
11.84,0.4044
11.85,0.4044
11.86,0.4043
11.87,0.4043
11.88,0.4042
11.89,0.4042
11.9,0.4042
11.91,0.4041
11.92,0.4041
11.93,0.4041
11.94,0.404
11.95,0.404
11.96,0.4039
11.97,0.4039
11.98,0.4039
11.99,0.4038
12,0.4038
12.01,0.4037
12.02,0.4037
12.03,0.4036
12.04,0.4036
12.05,0.4036
12.06,0.4035
12.07,0.4035
12.08,0.4034
12.09,0.4034
12.1,0.4034
12.11,0.4033
12.12,0.4033
12.13,0.4033
12.14,0.4032
12.15,0.4032
12.16,0.4031
12.17,0.4031
12.18,0.4031
12.19,0.403
12.2,0.403
12.21,0.4029
12.22,0.4029
12.23,0.4029
12.24,0.4028
12.25,0.4028
12.26,0.4027
12.27,0.4027
12.28,0.4027
12.29,0.4026
12.3,0.4026
12.31,0.4025
12.32,0.4025
12.33,0.4025
12.34,0.4024
12.35,0.4024
12.36,0.4024
12.37,0.4023
12.38,0.4023
12.39,0.4022
12.4,0.4022
12.41,0.4022
12.42,0.4021
12.43,0.4021
12.44,0.4021
12.45,0.402
12.46,0.402
12.47,0.402
12.48,0.4019
12.49,0.4019
12.5,0.4018
12.51,0.4018
12.52,0.4018
12.53,0.4017
12.54,0.4017
12.55,0.4017
12.56,0.4016
12.57,0.4016
12.58,0.4016
12.59,0.4015
12.6,0.4015
12.61,0.4015
12.62,0.4014
12.63,0.4014
12.64,0.4014
12.65,0.4013
12.66,0.4013
12.67,0.4012
12.68,0.4012
12.69,0.4012
12.7,0.4011
12.71,0.4011
12.72,0.4011
12.73,0.401
12.74,0.401
12.75,0.4009
12.76,0.4009
12.77,0.4009
12.78,0.4008
12.79,0.4008
12.8,0.4008
12.81,0.4007
12.82,0.4007
12.83,0.4007
12.84,0.4006
12.85,0.4006
12.86,0.4006
12.87,0.4005
12.88,0.4005
12.89,0.4005
12.9,0.4004
12.91,0.4004
12.92,0.4004
12.93,0.4003
12.94,0.4003
12.95,0.4002
12.96,0.4002
12.97,0.4002
12.98,0.4001
12.99,0.4001
13,0.4001
13.01,0.4
13.02,0.4
13.03,0.4
13.04,0.3999
13.05,0.3999
13.06,0.3999
13.07,0.3998
13.08,0.3998
13.09,0.3998
13.1,0.3997
13.11,0.3997
13.12,0.3997
13.13,0.3997
13.14,0.3996
13.15,0.3996
13.16,0.3996
13.17,0.3995
13.18,0.3995
13.19,0.3995
13.2,0.3994
13.21,0.3994
13.22,0.3994
13.23,0.3993
13.24,0.3993
13.25,0.3993
13.26,0.3992
13.27,0.3992
13.28,0.3992
13.29,0.3991
13.3,0.3991
13.31,0.3991
13.32,0.399
13.33,0.399
13.34,0.399
13.35,0.3989
13.36,0.3989
13.37,0.3989
13.38,0.3988
13.39,0.3988
13.4,0.3988
13.41,0.3987
13.42,0.3987
13.43,0.3987
13.44,0.3987
13.45,0.3986
13.46,0.3986
13.47,0.3986
13.48,0.3985
13.49,0.3985
13.5,0.3985
13.51,0.3984
13.52,0.3984
13.53,0.3984
13.54,0.3983
13.55,0.3983
13.56,0.3983
13.57,0.3982
13.58,0.3982
13.59,0.3982
13.6,0.3981
13.61,0.3981
13.62,0.3981
13.63,0.3981
13.64,0.398
13.65,0.398
13.66,0.398
13.67,0.3979
13.68,0.3979
13.69,0.3979
13.7,0.3978
13.71,0.3978
13.72,0.3978
13.73,0.3977
13.74,0.3977
13.75,0.3977
13.76,0.3977
13.77,0.3976
13.78,0.3976
13.79,0.3976
13.8,0.3975
13.81,0.3975
13.82,0.3975
13.83,0.3975
13.84,0.3974
13.85,0.3974
13.86,0.3974
13.87,0.3973
13.88,0.3973
13.89,0.3973
13.9,0.3973
13.91,0.3972
13.92,0.3972
13.93,0.3972
13.94,0.3971
13.95,0.3971
13.96,0.3971
13.97,0.3971
13.98,0.397
13.99,0.397
14,0.397
14.01,0.3969
14.02,0.3969
14.03,0.3969
14.04,0.3969
14.05,0.3968
14.06,0.3968
14.07,0.3968
14.08,0.3967
14.09,0.3967
14.1,0.3967
14.11,0.3966
14.12,0.3966
14.13,0.3966
14.14,0.3966
14.15,0.3965
14.16,0.3965
14.17,0.3965
14.18,0.3965
14.19,0.3964
14.2,0.3964
14.21,0.3964
14.22,0.3963
14.23,0.3963
14.24,0.3963
14.25,0.3963
14.26,0.3962
14.27,0.3962
14.28,0.3962
14.29,0.3961
14.3,0.3961
14.31,0.3961
14.32,0.3961
14.33,0.396
14.34,0.396
14.35,0.396
14.36,0.396
14.37,0.3959
14.38,0.3959
14.39,0.3959
14.4,0.3958
14.41,0.3958
14.42,0.3958
14.43,0.3958
14.44,0.3957
14.45,0.3957
14.46,0.3957
14.47,0.3957
14.48,0.3956
14.49,0.3956
14.5,0.3956
14.51,0.3955
14.52,0.3955
14.53,0.3955
14.54,0.3955
14.55,0.3954
14.56,0.3954
14.57,0.3954
14.58,0.3954
14.59,0.3953
14.6,0.3953
14.61,0.3953
14.62,0.3953
14.63,0.3952
14.64,0.3952
14.65,0.3952
14.66,0.3952
14.67,0.3951
14.68,0.3951
14.69,0.3951
14.7,0.395
14.71,0.395
14.72,0.395
14.73,0.395
14.74,0.3949
14.75,0.3949
14.76,0.3949
14.77,0.3949
14.78,0.3948
14.79,0.3948
14.8,0.3948
14.81,0.3948
14.82,0.3947
14.83,0.3947
14.84,0.3947
14.85,0.3947
14.86,0.3946
14.87,0.3946
14.88,0.3946
14.89,0.3946
14.9,0.3945
14.91,0.3945
14.92,0.3945
14.93,0.3945
14.94,0.3944
14.95,0.3944
14.96,0.3944
14.97,0.3944
14.98,0.3943
14.99,0.3943
15,0.3943
15.01,0.3943
15.02,0.3942
15.03,0.3942
15.04,0.3942
15.05,0.3942
15.06,0.3942
15.07,0.3941
15.08,0.3941
15.09,0.3941
15.1,0.3941
15.11,0.394
15.12,0.394
15.13,0.394
15.14,0.394
15.15,0.3939
15.16,0.3939
15.17,0.3939
15.18,0.3939
15.19,0.3938
15.2,0.3938
15.21,0.3938
15.22,0.3938
15.23,0.3937
15.24,0.3937
15.25,0.3937
15.26,0.3937
15.27,0.3936
15.28,0.3936
15.29,0.3936
15.3,0.3936
15.31,0.3935
15.32,0.3935
15.33,0.3935
15.34,0.3935
15.35,0.3934
15.36,0.3934
15.37,0.3934
15.38,0.3934
15.39,0.3934
15.4,0.3933
15.41,0.3933
15.42,0.3933
15.43,0.3933
15.44,0.3933
15.45,0.3932
15.46,0.3932
15.47,0.3932
15.48,0.3932
15.49,0.3932
15.5,0.3931
15.51,0.3931
15.52,0.3931
15.53,0.3931
15.54,0.393
15.55,0.393
15.56,0.393
15.57,0.393
15.58,0.3929
15.59,0.3929
15.6,0.3929
15.61,0.3929
15.62,0.3929
15.63,0.3928
15.64,0.3928
15.65,0.3928
15.66,0.3928
15.67,0.3927
15.68,0.3927
15.69,0.3927
15.7,0.3927
15.71,0.3926
15.72,0.3926
15.73,0.3926
15.74,0.3926
15.75,0.3926
15.76,0.3925
15.77,0.3925
15.78,0.3925
15.79,0.3925
15.8,0.3925
15.81,0.3924
15.82,0.3924
15.83,0.3924
15.84,0.3924
15.85,0.3924
15.86,0.3923
15.87,0.3923
15.88,0.3923
15.89,0.3923
15.9,0.3923
15.91,0.3922
15.92,0.3922
15.93,0.3922
15.94,0.3922
15.95,0.3921
15.96,0.3921
15.97,0.3921
15.98,0.3921
15.99,0.3921
16,0.3921
16.01,0.392
16.02,0.392
16.03,0.392
16.04,0.392
16.05,0.3919
16.06,0.3919
16.07,0.3919
16.08,0.3919
16.09,0.3919
16.1,0.3919
16.11,0.3918
16.12,0.3918
16.13,0.3918
16.14,0.3918
16.15,0.3918
16.16,0.3917
16.17,0.3917
16.18,0.3917
16.19,0.3917
16.2,0.3917
16.21,0.3916
16.22,0.3916
16.23,0.3916
16.24,0.3916
16.25,0.3916
16.26,0.3916
16.27,0.3915
16.28,0.3915
16.29,0.3915
16.3,0.3915
16.31,0.3915
16.32,0.3914
16.33,0.3914
16.34,0.3914
16.35,0.3914
16.36,0.3913
16.37,0.3913
16.38,0.3913
16.39,0.3913
16.4,0.3913
16.41,0.3913
16.42,0.3912
16.43,0.3912
16.44,0.3912
16.45,0.3912
16.46,0.3912
16.47,0.3911
16.48,0.3911
16.49,0.3911
16.5,0.3911
16.51,0.3911
16.52,0.391
16.53,0.391
16.54,0.391
16.55,0.391
16.56,0.391
16.57,0.391
16.58,0.3909
16.59,0.3909
16.6,0.3909
16.61,0.3909
16.62,0.3909
16.63,0.3908
16.64,0.3908
16.65,0.3908
16.66,0.3908
16.67,0.3908
16.68,0.3908
16.69,0.3907
16.7,0.3907
16.71,0.3907
16.72,0.3907
16.73,0.3907
16.74,0.3906
16.75,0.3906
16.76,0.3906
16.77,0.3906
16.78,0.3906
16.79,0.3905
16.8,0.3905
16.81,0.3905
16.82,0.3905
16.83,0.3905
16.84,0.3905
16.85,0.3904
16.86,0.3904
16.87,0.3904
16.88,0.3904
16.89,0.3904
16.9,0.3904
16.91,0.3903
16.92,0.3903
16.93,0.3903
16.94,0.3903
16.95,0.3903
16.96,0.3902
16.97,0.3902
16.98,0.3902
16.99,0.3902
17,0.3902
17.01,0.3902
17.02,0.3901
17.03,0.3901
17.04,0.3901
17.05,0.3901
17.06,0.3901
17.07,0.3901
17.08,0.39
17.09,0.39
17.1,0.39
17.11,0.39
17.12,0.39
17.13,0.39
17.14,0.3899
17.15,0.3899
17.16,0.3899
17.17,0.3899
17.18,0.3899
17.19,0.3899
17.2,0.3898
17.21,0.3898
17.22,0.3898
17.23,0.3898
17.24,0.3898
17.25,0.3898
17.26,0.3898
17.27,0.3897
17.28,0.3897
17.29,0.3897
17.3,0.3897
17.31,0.3897
17.32,0.3897
17.33,0.3896
17.34,0.3896
17.35,0.3896
17.36,0.3896
17.37,0.3896
17.38,0.3896
17.39,0.3896
17.4,0.3895
17.41,0.3895
17.42,0.3895
17.43,0.3895
17.44,0.3895
17.45,0.3895
17.46,0.3894
17.47,0.3894
17.48,0.3894
17.49,0.3894
17.5,0.3894
17.51,0.3894
17.52,0.3893
17.53,0.3893
17.54,0.3893
17.55,0.3893
17.56,0.3893
17.57,0.3893
17.58,0.3892
17.59,0.3892
17.6,0.3892
17.61,0.3892
17.62,0.3892
17.63,0.3892
17.64,0.3892
17.65,0.3891
17.66,0.3891
17.67,0.3891
17.68,0.3891
17.69,0.3891
17.7,0.3891
17.71,0.3891
17.72,0.389
17.73,0.389
17.74,0.389
17.75,0.389
17.76,0.389
17.77,0.389
17.78,0.389
17.79,0.3889
17.8,0.3889
17.81,0.3889
17.82,0.3889
17.83,0.3889
17.84,0.3889
17.85,0.3889
17.86,0.3889
17.87,0.3888
17.88,0.3888
17.89,0.3888
17.9,0.3888
17.91,0.3888
17.92,0.3888
17.93,0.3887
17.94,0.3887
17.95,0.3887
17.96,0.3887
17.97,0.3887
17.98,0.3887
17.99,0.3887
18,0.3886
18.01,0.3886
18.02,0.3886
18.03,0.3886
18.04,0.3886
18.05,0.3886
18.06,0.3886
18.07,0.3885
18.08,0.3885
18.09,0.3885
18.1,0.3885
18.11,0.3885
18.12,0.3885
18.13,0.3884
18.14,0.3884
18.15,0.3884
18.16,0.3884
18.17,0.3884
18.18,0.3884
18.19,0.3884
18.2,0.3883
18.21,0.3883
18.22,0.3883
18.23,0.3883
18.24,0.3883
18.25,0.3883
18.26,0.3883
18.27,0.3882
18.28,0.3882
18.29,0.3882
18.3,0.3882
18.31,0.3882
18.32,0.3882
18.33,0.3882
18.34,0.3882
18.35,0.3882
18.36,0.3881
18.37,0.3881
18.38,0.3881
18.39,0.3881
18.4,0.3881
18.41,0.3881
18.42,0.3881
18.43,0.3881
18.44,0.388
18.45,0.388
18.46,0.388
18.47,0.388
18.48,0.388
18.49,0.388
18.5,0.388
18.51,0.388
18.52,0.3879
18.53,0.3879
18.54,0.3879
18.55,0.3879
18.56,0.3879
18.57,0.3879
18.58,0.3879
18.59,0.3879
18.6,0.3878
18.61,0.3878
18.62,0.3878
18.63,0.3878
18.64,0.3878
18.65,0.3878
18.66,0.3878
18.67,0.3878
18.68,0.3877
18.69,0.3877
18.7,0.3877
18.71,0.3877
18.72,0.3877
18.73,0.3877
18.74,0.3877
18.75,0.3877
18.76,0.3876
18.77,0.3876
18.78,0.3876
18.79,0.3876
18.8,0.3876
18.81,0.3876
18.82,0.3876
18.83,0.3876
18.84,0.3876
18.85,0.3875
18.86,0.3875
18.87,0.3875
18.88,0.3875
18.89,0.3875
18.9,0.3875
18.91,0.3875
18.92,0.3875
18.93,0.3875
18.94,0.3874
18.95,0.3874
18.96,0.3874
18.97,0.3874
18.98,0.3874
18.99,0.3874
19,0.3874
19.01,0.3874
19.02,0.3874
19.03,0.3874
19.04,0.3873
19.05,0.3873
19.06,0.3873
19.07,0.3873
19.08,0.3873
19.09,0.3873
19.1,0.3873
19.11,0.3873
19.12,0.3873
19.13,0.3873
19.14,0.3872
19.15,0.3872
19.16,0.3872
19.17,0.3872
19.18,0.3872
19.19,0.3872
19.2,0.3872
19.21,0.3872
19.22,0.3871
19.23,0.3871
19.24,0.3871
19.25,0.3871
19.26,0.3871
19.27,0.3871
19.28,0.3871
19.29,0.3871
19.3,0.3871
19.31,0.3871
19.32,0.387
19.33,0.387
19.34,0.387
19.35,0.387
19.36,0.387
19.37,0.387
19.38,0.387
19.39,0.387
19.4,0.387
19.41,0.387
19.42,0.3869
19.43,0.3869
19.44,0.3869
19.45,0.3869
19.46,0.3869
19.47,0.3869
19.48,0.3869
19.49,0.3869
19.5,0.3869
19.51,0.3869
19.52,0.3868
19.53,0.3868
19.54,0.3868
19.55,0.3868
19.56,0.3868
19.57,0.3868
19.58,0.3868
19.59,0.3868
19.6,0.3868
19.61,0.3868
19.62,0.3868
19.63,0.3867
19.64,0.3867
19.65,0.3867
19.66,0.3867
19.67,0.3867
19.68,0.3867
19.69,0.3867
19.7,0.3867
19.71,0.3867
19.72,0.3867
19.73,0.3867
19.74,0.3867
19.75,0.3866
19.76,0.3866
19.77,0.3866
19.78,0.3866
19.79,0.3866
19.8,0.3866
19.81,0.3866
19.82,0.3866
19.83,0.3866
19.84,0.3866
19.85,0.3866
19.86,0.3866
19.87,0.3865
19.88,0.3865
19.89,0.3865
19.9,0.3865
19.91,0.3865
19.92,0.3865
19.93,0.3865
19.94,0.3865
19.95,0.3865
19.96,0.3865
19.97,0.3865
19.98,0.3865
19.99,0.3864
20,0.3864
20.01,0.3864
20.02,0.3864
20.03,0.3864
20.04,0.3864
20.05,0.3864
20.06,0.3864
20.07,0.3864
20.08,0.3864
20.09,0.3864
20.1,0.3864
20.11,0.3864
20.12,0.3863
20.13,0.3863
20.14,0.3863
20.15,0.3863
20.16,0.3863
20.17,0.3863
20.18,0.3863
20.19,0.3863
20.2,0.3863
20.21,0.3863
20.22,0.3863
20.23,0.3863
20.24,0.3862
20.25,0.3862
20.26,0.3862
20.27,0.3862
20.28,0.3862
20.29,0.3862
20.3,0.3862
20.31,0.3862
20.32,0.3862
20.33,0.3862
20.34,0.3862
20.35,0.3861
20.36,0.3861
20.37,0.3861
20.38,0.3861
20.39,0.3861
20.4,0.3861
20.41,0.3861
20.42,0.3861
20.43,0.3861
20.44,0.3861
20.45,0.3861
20.46,0.3861
20.47,0.3861
20.48,0.3861
20.49,0.386
20.5,0.386
20.51,0.386
20.52,0.386
20.53,0.386
20.54,0.386
20.55,0.386
20.56,0.386
20.57,0.386
20.58,0.386
20.59,0.386
20.6,0.386
20.61,0.386
20.62,0.386
20.63,0.3859
20.64,0.3859
20.65,0.3859
20.66,0.3859
20.67,0.3859
20.68,0.3859
20.69,0.3859
20.7,0.3859
20.71,0.3859
20.72,0.3859
20.73,0.3859
20.74,0.3859
20.75,0.3859
20.76,0.3859
20.77,0.3859
20.78,0.3859
20.79,0.3858
20.8,0.3858
20.81,0.3858
20.82,0.3858
20.83,0.3858
20.84,0.3858
20.85,0.3858
20.86,0.3858
20.87,0.3858
20.88,0.3858
20.89,0.3858
20.9,0.3858
20.91,0.3858
20.92,0.3858
20.93,0.3858
20.94,0.3858
20.95,0.3858
20.96,0.3858
20.97,0.3858
20.98,0.3857
20.99,0.3857
21,0.3857
21.01,0.3857
21.02,0.3857
21.03,0.3857
21.04,0.3857
21.05,0.3857
21.06,0.3857
21.07,0.3857
21.08,0.3857
21.09,0.3857
21.1,0.3857
21.11,0.3857
21.12,0.3857
21.13,0.3857
21.14,0.3857
21.15,0.3857
21.16,0.3856
21.17,0.3856
21.18,0.3856
21.19,0.3856
21.2,0.3856
21.21,0.3856
21.22,0.3856
21.23,0.3856
21.24,0.3856
21.25,0.3856
21.26,0.3856
21.27,0.3856
21.28,0.3856
21.29,0.3856
21.3,0.3856
21.31,0.3856
21.32,0.3856
21.33,0.3856
21.34,0.3856
21.35,0.3856
21.36,0.3856
21.37,0.3855
21.38,0.3855
21.39,0.3855
21.4,0.3855
21.41,0.3855
21.42,0.3855
21.43,0.3855
21.44,0.3855
21.45,0.3855
21.46,0.3855
21.47,0.3855
21.48,0.3855
21.49,0.3855
21.5,0.3855
21.51,0.3855
21.52,0.3855
21.53,0.3855
21.54,0.3855
21.55,0.3855
21.56,0.3854
21.57,0.3854
21.58,0.3854
21.59,0.3854
21.6,0.3854
21.61,0.3854
21.62,0.3854
21.63,0.3854
21.64,0.3854
21.65,0.3854
21.66,0.3854
21.67,0.3854
21.68,0.3854
21.69,0.3854
21.7,0.3854
21.71,0.3854
21.72,0.3854
21.73,0.3854
21.74,0.3854
21.75,0.3854
21.76,0.3854
21.77,0.3854
21.78,0.3854
21.79,0.3853
21.8,0.3853
21.81,0.3853
21.82,0.3853
21.83,0.3853
21.84,0.3853
21.85,0.3853
21.86,0.3853
21.87,0.3853
21.88,0.3853
21.89,0.3853
21.9,0.3853
21.91,0.3853
21.92,0.3853
21.93,0.3853
21.94,0.3853
21.95,0.3853
21.96,0.3853
21.97,0.3853
21.98,0.3853
21.99,0.3853
22,0.3853
22.01,0.3853
22.02,0.3853
22.03,0.3853
22.04,0.3853
22.05,0.3853
22.06,0.3853
22.07,0.3853
22.08,0.3853
22.09,0.3853
22.1,0.3853
22.11,0.3853
22.12,0.3853
22.13,0.3853
22.14,0.3852
22.15,0.3852
22.16,0.3852
22.17,0.3852
22.18,0.3852
22.19,0.3852
22.2,0.3852
22.21,0.3852
22.22,0.3852
22.23,0.3852
22.24,0.3852
22.25,0.3852
22.26,0.3852
22.27,0.3852
22.28,0.3852
22.29,0.3852
22.3,0.3852
22.31,0.3852
22.32,0.3852
22.33,0.3852
22.34,0.3852
22.35,0.3852
22.36,0.3852
22.37,0.3852
22.38,0.3852
22.39,0.3852
22.4,0.3852
22.41,0.3852
22.42,0.3852
22.43,0.3852
22.44,0.3852
22.45,0.3852
22.46,0.3852
22.47,0.3852
22.48,0.3852
22.49,0.3852
22.5,0.3852
22.51,0.3852
22.52,0.3852
22.53,0.3852
22.54,0.3852
22.55,0.3852
22.56,0.3852
22.57,0.3851
22.58,0.3851
22.59,0.3851
22.6,0.3851
22.61,0.3851
22.62,0.3851
22.63,0.3851
22.64,0.3851
22.65,0.3851
22.66,0.3851
22.67,0.3851
22.68,0.3851
22.69,0.3851
22.7,0.3851
22.71,0.3851
22.72,0.3851
22.73,0.3851
22.74,0.3851
22.75,0.3851
22.76,0.3851
22.77,0.3851
22.78,0.3851
22.79,0.3851
22.8,0.3851
22.81,0.3851
22.82,0.3851
22.83,0.3851
22.84,0.3851
22.85,0.3851
22.86,0.3851
22.87,0.3851
22.88,0.3851
22.89,0.3851
22.9,0.3851
22.91,0.3851
22.92,0.3851
22.93,0.3851
22.94,0.3851
22.95,0.3851
22.96,0.3851
22.97,0.3851
22.98,0.3851
22.99,0.3851
23,0.3851
23.01,0.3851
23.02,0.3851
23.03,0.3851
23.04,0.3851
23.05,0.3851
23.06,0.3851
23.07,0.3851
23.08,0.3851
23.09,0.3851
23.1,0.3851
23.11,0.3851
23.12,0.3851
23.13,0.3851
23.14,0.3851
23.15,0.3851
23.16,0.3851
23.17,0.3851
23.18,0.3851
23.19,0.3851
23.2,0.3851
23.21,0.3851
23.22,0.3851
23.23,0.3851
23.24,0.3851
23.25,0.3851
23.26,0.3851
23.27,0.3851
